{
  "masses": [
    {
      "footprint": [[0,0],[10,0],[10,6],[0,6]],
      "storeys": [{ "height": 2.4 }],
      "roof": {
        "type": "custom",
        "faces": [
          {
            "polygon": [
              [0, 0, 2.4],
              [10, 0, 2.4],
              [10, 3, 4.500623],
              [0, 3, 4.500623]
            ]
          },
          {
            "polygon": [
              [10, 6, 2.4],
              [0, 6, 2.4],
              [0, 3, 4.500623],
              [10, 3, 4.500623]
            ]
          }
        ]
      }
    }
  ]
}
